username,firstname,lastname,email,course1,role1,course2,role2,sysrole1
john_d,John,Doe,jon_doe@gmail.com,,,,,manager
jordana_p,Jordana,Palacios,jordana_p@gmail.com,,,,,coursecreator
ted_m,Ted,Morris,ted_morris@gmail.com,,,,,coursecreator
jojo_a,Jojo,Albert,jojo_albert@gmail.com,Med,editingteacher,,,
alfred_a,Alfred ,Alfredo,alfredo@gmail.com,POPA,editingteacher,,,
michael_b,Michael,Bishops,mic_bishops@gmail.com,Med,editingteacher,,,
gen_lee,General,Lee,gen_lee@gmail.com,Med,teacher,POPA,teacher,
gbrittan0,Gennifer,Brittan,gbrittan0@sbwire.com,Med,student,POPA,student,
bormistone1,Boony,Ormistone,bormistone1@toplist.cz,Med,student,POPA,student,
csansbury2,Camellia,Sansbury,csansbury2@unicef.org,Med,student,POPA,student,
lingreda3,Lily,Ingreda,lingreda3@nhs.uk,Med,student,POPA,student,
mcarroll4,Melinde,Carroll,mcarroll4@e-recht24.de,Med,student,POPA,student,
fklemke5,Fredra,Klemke,fklemke5@webmd.com,Med,student,POPA,student,
cferrettini6,Christoper,Ferrettini,cferrettini6@china.com.cn,Med,student,POPA,student,
gtaunton7,Guglielmo,Taunton,gtaunton7@weather.com,Med,student,POPA,student,
wlejean8,Wilmar,Le Jean,wlejean8@skype.com,Med,student,POPA,student,
afuentes9,Anya,Fuentes,afuentes9@digg.com,Med,student,POPA,student,
gmuroa,Gianna,Muro,gmuroa@alibaba.com,Med,student,POPA,student,
ggennyb,Gordy,Genny,ggennyb@cnet.com,Med,student,POPA,student,
jfinnc,Jolynn,Finn,jfinnc@soup.io,Med,student,POPA,student,
rchuckd,Robby,Chuck,rchuckd@discovery.com,Med,student,POPA,student,
mklassmane,Maureene,Klassman,mklassmane@tumblr.com,Med,student,POPA,student,
nmcnicklef,Nadya,McNickle,nmcnicklef@g.co,Med,student,POPA,student,
pjeyesg,Patin,Jeyes,pjeyesg@skyrock.com,Med,student,POPA,student,
gsymmersh,Galvan,Symmers,gsymmersh@amazon.com,Med,student,POPA,student,
ahenkeni,Anson,Henken,ahenkeni@dion.ne.jp,Med,student,POPA,student,
tcraigheadj,Torr,Craighead,tcraigheadj@usnews.com,Med,student,POPA,student,
rsherrardk,Renaldo,Sherrard,rsherrardk@imgur.com,Med,student,POPA,student,
bmeneyerl,Brade,Meneyer,bmeneyerl@bigcartel.com,Med,student,POPA,student,
emaccombem,Eleen,MacCombe,emaccombem@cafepress.com,Med,student,POPA,student,
tlambdinn,Tine,Lambdin,tlambdinn@java.com,Med,student,POPA,student,
ddecourcyo,Dell,de Courcy,ddecourcyo@drupal.org,Med,student,POPA,student,
nladbrookp,Nappie,Ladbrook,nladbrookp@toplist.cz,Med,student,POPA,student,
cccominiq,Ceciley,Ccomini,cccominiq@multiply.com,Med,student,POPA,student,
lsackettr,Lina,Sackett,lsackettr@mapquest.com,Med,student,POPA,student,
yflecknoes,Ynes,Flecknoe,yflecknoes@gnu.org,Med,student,POPA,student,
bkinahant,Bink,Kinahan,bkinahant@timesonline.co.uk,Med,student,POPA,student,
odanyu,Ofella,Dany,odanyu@ezinearticles.com,Med,student,POPA,student,
jbeacomv,Janenna,Beacom,jbeacomv@behance.net,Med,student,POPA,student,
rmcmeekinw,Renie,Mc Meekin,rmcmeekinw@buzzfeed.com,Med,student,POPA,student,
skemstonx,Say,Kemston,skemstonx@springer.com,Med,student,POPA,student,
vlagesy,Veronica,Lages,vlagesy@yolasite.com,Med,student,POPA,student,
jriggottz,Jeremiah,Riggott,jriggottz@opera.com,Med,student,POPA,student,
kpordal10,Kellina,Pordal,kpordal10@wufoo.com,Med,student,POPA,student,
rcolloby11,Roze,Colloby,rcolloby11@oracle.com,Med,student,POPA,student,
nclear12,Nerte,Clear,nclear12@google.pl,Med,student,POPA,student,
mwennam13,Mitch,Wennam,mwennam13@apache.org,Med,student,POPA,student,
